model,oversampling,train_accuracy,accuracy,country,dance_pop,hip_hop,rock
KNN,False,0.5047445255474453,0.34890510948905107,0.19130434782608696,0.5177664974619289,0.31547619047619047,0.3024390243902439
KNN,True,0.5405487804878049,0.31386861313868614,0.34782608695652173,0.36548223350253806,0.3392857142857143,0.22439024390243903
Decision Tree Classifier,False,0.7222627737226277,0.6686131386861314,0.6260869565217392,0.5736040609137056,0.7797619047619048,0.6926829268292682
Decision Tree Classifier,True,0.7307926829268293,0.6481751824817519,0.7304347826086957,0.5279187817258884,0.7380952380952381,0.6439024390243903
Random Forest Classifier,False,1.0,0.7226277372262774,0.6260869565217392,0.6598984771573604,0.8095238095238095,0.7658536585365854
Random Forest Classifier,True,1.0,0.7313868613138687,0.7130434782608696,0.6548223350253807,0.8035714285714286,0.7560975609756098
